{
    "468ab0de-ed66-426d-8a59-4f537efbe8a0_align1500.png": {
        "intrinsics": [
            [
                2985.29,
                0.0,
                512.0
            ],
            [
                0.0,
                2985.29,
                512.0
            ],
            [
                0.0,
                0.0,
                1.0
            ]
        ],
        "pose": [
            [
                0.9966591596603394,
                -0.00030450362828560174,
                0.08167217671871185,
                -0.2259780615568161
            ],
            [
                0.01141021866351366,
                -0.9896669387817383,
                -0.14293064177036285,
                0.4024266004562378
            ],
            [
                0.08087177574634552,
                0.14338503777980804,
                -0.9863571524620056,
                2.9315075874328613
            ],
            [
                0.0,
                0.0,
                0.0,
                1.0
            ]
        ],
        "angle": [
            0.14390592277050018,
            -0.08176324516534805,
            0.00030552432872354984
        ]
    },
    "468ab0de-ed66-426d-8a59-4f537efbe8a0_align1500_lm2d.png": {
        "intrinsics": [
            [
                2985.29,
                0.0,
                512.0
            ],
            [
                0.0,
                2985.29,
                512.0
            ],
            [
                0.0,
                0.0,
                1.0
            ]
        ],
        "pose": [
            [
                0.9967431426048279,
                -0.0016265795566141605,
                0.08062548190355301,
                -0.22505667805671692
            ],
            [
                0.010431702248752117,
                -0.9887954592704773,
                -0.1489117443561554,
                0.4212941527366638
            ],
            [
                0.07996433228254318,
                0.14926782250404358,
                -0.9855580925941467,
                2.9284205436706543
            ],
            [
                0.0,
                0.0,
                0.0,
                1.0
            ]
        ],
        "angle": [
            0.149959534406662,
            -0.08071308583021164,
            0.0016318929847329855
        ]
    }
}