{
    "468ab0de-ed66-426d-8a59-4f537efbe8a0_align1500.png": {
        "lm": [
            [
                645.0,
                725.0
            ],
            [
                850.0,
                719.0
            ],
            [
                751.0,
                840.0
            ],
            [
                660.0,
                939.0
            ],
            [
                852.0,
                934.0
            ]
        ],
        "lm3d_std": [
            [
                -0.3114865720272064,
                0.29036077857017517,
                0.13377952575683594
            ],
            [
                0.30979886651039124,
                0.289720356464386,
                0.1317952573299408
            ],
            [
                0.003253498813137412,
                -0.04617932438850403,
                0.5524424314498901
            ],
            [
                -0.25216928124427795,
                -0.3813391625881195,
                0.22405731678009033
            ],
            [
                0.24846619367599487,
                -0.38128235936164856,
                0.22235769033432007
            ]
        ],
        "rescale_factor": 300,
        "center_crop_size": 700,
        "output_size": 512
    },
    "468ab0de-ed66-426d-8a59-4f537efbe8a0_align1500_lm2d.png": {
        "lm": [
            [
                645.0,
                720.0
            ],
            [
                846.0,
                715.0
            ],
            [
                751.0,
                841.0
            ],
            [
                662.0,
                941.0
            ],
            [
                846.0,
                934.0
            ]
        ],
        "lm3d_std": [
            [
                -0.3114865720272064,
                0.29036077857017517,
                0.13377952575683594
            ],
            [
                0.30979886651039124,
                0.289720356464386,
                0.1317952573299408
            ],
            [
                0.003253498813137412,
                -0.04617932438850403,
                0.5524424314498901
            ],
            [
                -0.25216928124427795,
                -0.3813391625881195,
                0.22405731678009033
            ],
            [
                0.24846619367599487,
                -0.38128235936164856,
                0.22235769033432007
            ]
        ],
        "rescale_factor": 300,
        "center_crop_size": 700,
        "output_size": 512
    }
}